segment_id,start_lat,start_lon,end_lat,end_lon,avg_width,max_irregularity
S001,48.858844,2.294351,48.858164,2.295071,1.8,3.5
S002,48.858164,2.295071,48.857484,2.295791,1.7,4.2
S003,48.857484,2.295791,48.856804,2.296511,1.9,2.1
S004,48.856804,2.296511,48.856124,2.297231,1.6,5.0
