segment_id,average_unevenness_index,average_irregularity_index
1,0.751502621,11.6348947
2,0.65952331,0
3,0.664649249,0
4,0.67637223,3.340145135
5,0.713987032,11.03569285
6,0.738942311,10.1385141
7,0.750102315,69.37143581
8,0.720045705,39.36934423
9,0.694880675,28.30771692
